{"cameraMode":{"drawMode":0,"name":"Shaded","section":"Shading Mode"},"sceneLighting":true,"audioPlay":false,"sceneViewState":{"m_AlwaysRefresh":false,"showFog":true,"showSkybox":true,"showFlares":true,"showImageEffects":true,"showParticleSystems":true,"showVisualEffectGraphs":true,"m_FxEnabled":true},"in2DMode":false,"pivot":{"x":54.32718276977539,"y":1.153102159500122,"z":1.616037130355835},"rotation":{"x":0.018994033336639406,"y":-0.7967386841773987,"z":0.02512357383966446,"w":0.6035629510879517},"size":0.5212306380271912,"orthographic":false}