{"cameraMode":{"drawMode":0,"name":"Shaded","section":"Shading Mode"},"sceneLighting":true,"audioPlay":false,"sceneViewState":{"m_AlwaysRefresh":false,"showFog":true,"showSkybox":true,"showFlares":true,"showImageEffects":true,"showParticleSystems":true,"showVisualEffectGraphs":true,"m_FxEnabled":true},"in2DMode":false,"pivot":{"x":50.14179611206055,"y":0.733670711517334,"z":3.4762914180755617},"rotation":{"x":0.23133188486099244,"y":0.046115927398204806,"z":-0.010958668775856495,"w":0.9717807173728943},"size":0.5212306380271912,"orthographic":false}