{"cameraMode":{"drawMode":0,"name":"Shaded","section":"Shading Mode"},"sceneLighting":true,"audioPlay":false,"sceneViewState":{"m_AlwaysRefresh":true,"showFog":true,"showSkybox":true,"showFlares":true,"showImageEffects":true,"showParticleSystems":true,"showVisualEffectGraphs":true,"m_FxEnabled":true},"in2DMode":false,"pivot":{"x":47.783592224121097,"y":6.325255393981934,"z":1.9257094860076905},"rotation":{"x":0.25628432631492617,"y":-0.01650986447930336,"z":0.004397434648126364,"w":0.9665165543556213},"size":0.5212306380271912,"orthographic":false}